task,size
0,751
0,1
0,1
0,10
1,968
1,7
2,6
2,41
3,92
4,27
4,2
5,71
6,26
7,1338
7,1
7,1
7,1
7,1
7,3
8,72
9,15
9,1
10,538
10,1
10,1
10,2
11,17
12,13
13,2112
14,48
14,1
15,1
15,4
16,24
17,34
17,3
17,1
18,5
18,17
19,5
20,3
20,8
21,61
21,4
21,1
21,1
21,1
22,10
23,42
23,1
23,4
23,1
24,1
24,992
25,16
26,2
26,2
27,2
28,48
28,3
29,2
29,110
29,1
30,2323
30,1
30,1
30,1
30,4
31,1
31,1
31,409
31,1
31,1
32,1
32,1
32,1
32,19
33,2643
33,2
33,1
34,2
34,929
34,1
34,1
34,1
35,739
36,43
36,3
37,10
38,1
38,2
38,1
38,2
39,1
39,196
39,2
40,14
41,22
41,2
42,1
42,8
42,1
43,2575
44,934
45,2146
45,1
46,38
46,2
47,9
48,3
48,9
49,2589
49,1
50,8
50,17
51,7
52,2312
53,646
53,1
53,2
54,10
55,11
56,2
56,3
57,2
57,1349
58,18
59,4
59,2
60,13
61,67
61,1
62,2
62,1
62,1
62,1
62,1
63,13
64,16
65,1998
66,1961
66,4
66,1
67,1
67,1
67,2
68,27
68,1
69,2211
69,3
69,2
70,3
70,1
70,13
71,15
72,1120
72,38
72,1
72,7
73,10
74,1047
74,6
74,1
74,1
75,48
75,2
76,17
76,2
76,2
77,205
77,2
77,1
78,4
79,44
79,1
79,2
79,1
80,1014
80,1
80,1
80,1
80,2
80,16
80,1
81,3
81,23
81,2
82,12
83,6
84,213
84,1
85,193
86,1899
86,1
86,1
86,2
86,1
87,2
87,18
88,73
89,3
89,10
89,1
89,1
89,1
90,43
91,22
92,102
92,1
93,20
94,108
95,5
95,2
96,162
97,88
97,6
97,2
98,12
98,2
99,37
99,2
100,2701
101,13
101,11
101,3
102,605
102,1
103,2
103,30
103,1
104,16
104,1
104,1
105,705
105,8
105,1
106,37
107,247
108,10
108,1
108,1
109,22
110,28
110,4
110,1
111,8
111,4
112,16
112,2
113,2
114,74
114,2
114,2
115,3
115,9
115,1
115,2
116,937
116,1
116,1
116,3
116,1
116,4
116,1
116,1
117,1
117,35
118,8
119,10
120,139
121,140
122,25
122,7
123,14
123,1
124,2022
124,1
124,1
125,12
126,2
126,19
127,2
127,34
127,9
128,7
129,1662
129,1
129,1
129,4
129,1
129,2
129,2
129,2
129,1
130,55
131,2467
131,4
132,41
133,18
133,1
134,2672
134,3
135,65
135,23
136,1
136,1
136,1
136,2
137,24
138,8
138,10
138,1
139,1796
139,1
140,2427
140,1
141,33
142,2
143,244
143,1
144,31
144,16
145,12
146,547
146,2
146,1
146,1
147,1627
147,1
148,39
149,1
149,95
149,1
149,1
149,1
150,2
150,7
151,7
151,1
152,144
153,2
153,1
153,1
154,2788
154,1
155,5
156,168
157,1
157,1
157,94
158,1
158,690
158,1
159,10
160,38
160,1
160,1
160,1
161,2634
161,13
161,1
161,2
162,51
163,7
164,11
165,1220
165,1
165,2
166,352
166,1
166,1
166,1
166,1
166,1
167,1141
167,1
167,4
168,148
169,1423
169,1
169,1
169,1
169,3
169,9
169,1
169,3
169,1
170,1
170,3
171,1
171,507
171,1
171,4
172,67
173,37
174,13
175,39
175,1
176,891
176,1
176,1
177,22
178,25
178,138
178,1
178,2
178,2
179,165
180,16
180,3
181,19
181,1
182,272
183,25
184,25
184,10
185,19
186,16
187,472
187,1
188,225
188,2
188,2
189,1
189,73
190,33
190,25
190,3
190,1
190,2
191,28
191,1
192,752
192,1
192,1
193,1
193,1
193,1
193,1
193,1
193,1
193,1
193,1
193,1
193,2
193,2
194,221
194,3
194,2
194,5
195,9
195,3
195,1
196,2
196,9
197,2194
198,14
198,2
199,2227
199,5
199,1
200,2371
200,1
200,6
200,4
201,9
202,16
202,1
203,961
203,3
203,1
203,1
203,1
204,31
205,190
205,2
206,22
207,443
207,1
208,5
209,6
209,1120
209,1
209,1
209,1
209,1
210,8
211,17
212,808
213,73
213,1
214,2965
214,1
214,5
215,41
216,64
216,1
217,2520
217,1
217,1
217,1
217,1
218,56
219,1367
219,2
219,1
219,1
219,2
219,10
219,1
220,3
220,10
221,3
221,1
222,85
222,1
223,2433
224,9
225,14
226,1
226,37
227,183
228,4
228,2
229,4
229,2
230,95
230,1
231,21
232,89
232,1
233,10
233,2
234,2700
234,1
234,1
235,1946
235,1
236,92
237,10
238,2
239,4
239,2
240,262
240,1
240,7
241,154
241,2
241,1
242,6
243,385
243,1
243,3
243,1
244,4
244,12
245,46
245,3
246,13
247,815
247,1
247,1
248,101
248,1
248,5
248,1
249,54
249,4
249,1
250,1
250,6
250,2
251,2
251,348
251,1
251,1
252,754
252,1
252,1
252,1
253,6
253,660
253,1
253,1
253,1
254,34
255,28
256,1
256,65
256,1
256,2
256,3
256,1
257,58
257,1
257,1
258,8
258,2
259,38
259,2
260,1
260,4
261,3
261,1
262,10
263,2826
264,9
265,3
265,1
266,2774
267,2
267,1
267,1
268,7
268,2
269,658
269,4
269,1
270,84
271,9
271,1
271,1
271,2
272,6
272,3
273,1540
273,1
273,3
273,1
273,1
273,1
274,9
275,323
275,1
275,1
275,1
276,7
276,5
277,19
278,2
278,1
279,5
279,490
279,2
279,1
279,1
279,1
280,1878
280,4
281,9
282,10
283,22
284,50
284,5
284,1
285,9
285,4
286,2
286,1
286,17
287,48
288,1511
289,3
289,120
290,1419
290,6
291,139
291,1
291,1
291,1
292,1
292,1
292,1
292,1
292,13
292,1
293,10
294,1
294,1
294,1650
294,1
294,6
294,1
294,1
295,10
296,40
297,14
297,17
298,2362
299,15
300,17
300,1
300,1
300,1
301,1389
301,1
301,1
301,1
302,1443
303,15
303,6
304,20
304,1
305,1
305,1
305,1
305,5
306,861
306,1
306,1
306,1
306,1
307,83
307,1
308,42
309,64
310,2180
310,1
310,2
311,11
312,141
312,1
312,1
313,1775
314,26
315,22
315,1
316,9
317,205
317,1
318,1387
318,2
318,2
318,1
319,18
319,4
320,11
321,4
321,6
321,62
321,1
322,4
322,40
323,2325
323,3
323,1
324,3
324,44
325,2164
326,75
327,13
328,8
329,28
329,1
329,4
330,5
330,9
330,1
331,116
331,1
331,1
332,12
333,52
334,2
334,363
334,1
335,641
335,1
335,1
336,45
336,3
337,1
337,212
338,2
338,1529
338,1
338,1
338,1
338,1
338,6
339,1
339,6
339,204
339,1
340,15
340,2
340,2
341,36
342,1119
342,1
342,1
342,1
342,1
342,9
342,1
343,2
343,16
344,1
344,28
345,5
346,13
347,2688
348,2852
349,3
349,3
350,43
350,10
351,11
352,9
352,12
353,11
353,2
354,58
354,1
355,450
355,1
355,1
355,1
356,6
356,1
356,2
356,2
357,2696
358,2
359,2530
360,1024
361,12
362,1303
362,1
363,1
363,8
364,646
364,1
364,4
364,1
364,1
364,1
365,2358
365,2
365,1
366,1
366,58
366,1
367,29
367,5
368,7
369,78
370,335
370,1
371,416
372,447
373,2
373,1
374,1
374,1
374,3
375,9
376,3
376,47
377,5
378,1
378,5
379,3
379,4
379,448
379,2
380,215
380,1
381,2836
382,523
382,1
383,5
383,2
384,2453
384,1
385,1
385,1
385,1
385,1
385,1
385,1
385,2
386,1568
386,5
387,1276
387,1
387,2
388,88
388,7
389,9
390,11
391,1
391,1
391,5
392,14
392,1
393,30
393,5
394,38
395,1
395,2
395,1
395,226
395,1
396,4
396,1
397,3
397,7
398,15
399,41
399,1
400,3
400,1
400,1
400,1
400,1
400,1
401,1
401,293
402,162
402,1
403,10
403,3
404,792
404,10
404,6
405,24
405,2
406,2322
407,2
408,58
409,1
409,1
409,3
410,18
411,758
411,3
411,1
411,1
411,1
411,1
412,1313
412,1
412,2
412,1
413,44
414,18
414,1408
414,1
414,2
414,1
415,1534
416,4
417,11
417,6
418,980
418,1
419,149
419,1
419,3
419,2
419,1
420,2119
420,1
420,2
421,9
422,3
422,14
423,1100
423,1
424,11
425,11
425,5
426,3092
427,861
428,33
428,2
428,4
429,4
429,1
430,1620
430,1
431,48
432,4
432,1
432,29
433,733
433,3
433,1
434,1
434,3
435,2726
436,846
437,7
437,1
438,2271
438,1
438,1
438,2
438,1
439,37
439,6
440,15
441,1131
442,466
442,1
442,2
442,2
442,1
443,14
443,3
444,448
444,1
445,9
445,3
446,39
447,11
448,29
448,12
449,4
449,2
450,105
450,1
451,5
451,9
451,3
452,13
453,4
453,10
454,681
454,1
455,137
455,1
455,1
456,41
457,22
458,4
459,29
460,474
460,1
460,1
460,1
460,4
460,1
460,1
460,1
461,6
462,12
463,340
464,10
464,2
465,12
466,233
466,1
466,1
466,1
467,661
467,1
468,1251
468,1
469,5
470,2950
470,3
470,8
470,2
471,3
471,1
472,13
473,8
474,5
475,9
476,102
476,9
476,1
476,2
476,6
476,4
477,393
478,1
478,76
478,1
479,3
479,4
480,2738
481,4
482,2
482,1
483,3
483,212
483,1
484,3
484,5
485,20
486,1068
486,1
486,1
486,1
486,1
486,1
486,3
486,1
486,1
487,1386
487,1
488,1
488,17
489,27
489,2
490,56
491,3
491,1
491,1
491,1
491,1
491,1
492,1933
492,2
493,894
494,18
495,18
496,1155
496,1
496,2
497,8
497,1
498,2
498,1
498,2
498,1
499,31
500,3
500,1
500,17
501,293
501,1
501,2
501,1
501,4
501,1
502,13
503,40
503,1
504,2212
504,1
504,7
504,1
504,2
504,1
504,1
505,1
505,1
505,1
505,3
506,7
506,1
507,5
508,7
508,7
509,1674
509,2
509,1
509,1
510,27
511,10
512,53
512,2
512,1
513,1
513,1
513,71
513,1
513,2
514,9
515,1181
516,1
516,1
516,8
517,23
518,2
518,21
519,6
519,2
520,27
521,5
522,222
522,1
522,1
522,1
523,8
523,1
524,3
524,5
525,937
526,1
526,146
526,2
526,1
527,274
527,1
527,1
528,19
529,24
529,1
529,1
530,2
530,1
530,1
530,2
531,350
531,1
531,2
531,6
531,2
531,1
531,12
531,1
532,1567
532,1
532,1
533,1087
533,1
533,1
533,2
533,1
533,1
533,1
533,1
533,2
534,20
535,15
536,1958
536,1
536,1
537,21
538,10
538,1
539,9
540,2
540,3
541,4
541,12
541,1
542,1
542,1
542,1
542,1
542,2
542,5
542,10
543,2
543,1
543,1
543,1
544,5
544,1
544,2
545,9
546,10
547,1627
547,6
547,1
547,1
548,11
549,4
549,35
550,166
551,875
551,1
551,3
552,13
553,8
553,183
553,2
554,3
554,17
554,21
555,30
555,1
556,5
556,1
556,15
556,1
557,5
558,1658
558,1
558,2
558,1
558,1
559,1026
559,2
560,2208
560,1
560,1
561,597
561,1
561,1
562,2
562,12
563,4
563,1988
564,10
565,2892
565,1
565,4
565,3
565,1
565,1
566,3
566,1
566,1
567,125
568,1877
568,2
568,1
569,702
570,5
570,1
571,13
572,132
573,210
574,54
574,4
575,2438
575,1
575,1
576,1
576,516
577,808
577,1
578,40
579,2645
580,1073
581,302
581,5
581,1
581,1
582,13
583,17
583,12
583,1
584,1055
584,1
584,1
584,2
584,2
585,183
585,1
586,15
586,5
587,2
588,136
589,4
590,1
590,3
591,7
591,137
592,5
592,7
592,9
592,3
593,32
593,7
594,1807
594,2
594,1
595,2557
596,8
596,1
597,980
597,1
597,1
598,2798
598,1
599,81
599,1
599,1
600,4
601,27
601,1
602,1138
602,1
602,1
602,3
602,2
603,59
603,4
603,1
604,2
605,14
606,39
606,1
607,2008
607,1
608,12
609,2675
610,12
610,2
611,2450
611,4
612,7
612,1
612,1
613,2
613,11
614,10
615,16
615,2
615,1
616,69
616,1
616,2
616,1
617,1488
618,1
618,443
618,1
619,1
619,1
619,3
620,2063
620,1
620,1
620,1
621,6
622,38
622,2
623,1720
623,1
624,13
625,16
626,14
627,20
627,1
628,9
629,210
629,8
629,2
629,1
629,1
629,1
630,5
631,4
631,1991
631,2
631,2
631,1
632,11
632,2
633,92
634,11
634,600
634,1
634,1
634,1
634,1
634,1
634,1
635,963
635,1
635,4
636,1527
636,1
636,1
636,1
636,3
637,2245
637,2
638,647
638,1
638,1
639,1
639,1
639,1
639,1
639,2
640,820
640,1
640,1
640,2
640,7
640,1
640,1
640,1
640,1
640,1
640,1
641,771
641,4
641,1
641,1
642,2506
642,1
643,2142
644,35
644,1
644,1
645,1
645,361
645,4
646,31
647,10
647,19
647,9
648,3
649,2002
649,2
650,6
650,28
650,4
651,4
651,1
652,27
653,1528
654,15
654,2
655,35
656,2679
656,1
656,1
657,569
657,5
657,1
658,967
658,1
659,20
659,1
659,1
659,2
660,803
660,1
660,1
661,1647
661,1
662,462
662,3
662,3
662,3
662,1
663,2
663,195
663,12
663,1
664,1
664,688
664,1
664,23
664,1
664,1
664,8
664,2
665,61
666,1
666,111
666,2
666,1
667,1
667,1446
667,1
668,201
668,2
668,1
668,1
669,1618
669,1
669,1
669,1
669,3
670,1067
670,3
670,1
671,20
672,76
673,11
674,1
674,1214
674,1
674,1
674,1
675,14
676,4
677,362
677,1
678,15
679,4
679,2
680,19
681,17
682,17
683,2288
683,1
683,1
683,1
683,1
684,34
685,1
685,3
685,55
685,1
685,7
686,8
687,196
688,1
688,1
688,657
688,2
689,82
689,1
689,1
690,2
690,1
690,1
690,1
691,12
692,2
692,940
693,2104
694,8
694,122
694,3
694,2
694,6
694,1
695,9
695,1
696,1
696,1
696,1
696,1
697,584
698,25
698,1
699,879
699,1
700,1
700,31
701,1
701,53
702,21
702,5
703,87
704,71
705,613
705,2
706,34
706,1
707,4
707,7
708,14
708,1
709,1
709,3
709,5
709,1375
709,1
709,1
710,2861
711,924
712,1
712,1
712,1
712,720
712,1
712,2
713,350
713,1
713,1
714,1
714,1
714,1
714,1641
715,53
715,1
716,2
717,765
717,2
718,34
719,43
720,25
721,944
721,1
721,1
721,2
722,1389
722,1
722,2
722,3
722,3
723,14
724,8
724,3
725,2
725,6
725,5
726,13
727,5
727,291
727,10
727,1
728,34
728,1
729,2759
730,1
730,1
730,6
730,1
731,47
731,1
732,15
733,2
734,2
735,1367
735,1
736,2
737,11
738,64
738,1
739,22
739,1
740,486
741,314
741,3
741,1
742,3
742,1
743,324
744,20
745,2784
746,17
746,2
747,51
747,3
747,1
748,2557
749,972
749,1
749,4
750,1
750,1
750,22
751,2
751,1
752,2
752,2
752,3
752,1
752,1
753,2479
754,6
754,2
755,640
755,1
755,1
755,1
755,1
755,1
755,1
756,715
756,2
757,2471
758,4
759,675
759,1
760,61
761,10
762,1
762,16
763,405
763,2
763,1
763,1
763,1
763,1
763,4
763,1
764,2042
765,2
765,10
766,8
767,646
767,2
768,1
768,837
768,1
768,2
769,5
769,2
770,20
771,16
772,11
773,4
773,49
774,18
774,2
774,4
775,17
776,141
776,3
777,157
778,1478
779,53
780,89
780,1
781,6
782,2
782,1
782,55
782,1
783,76
784,7
785,952
786,1
786,57
786,1
786,1
786,1
787,9
788,807
788,5
788,4
789,802
790,8
791,1020
791,1
791,5
791,1
791,1
792,537
792,1
792,1
792,2
793,4
793,1
794,28
794,1
795,1975
796,1
796,2435
796,4
796,1
797,18
798,47
799,15
799,1
800,11
800,2
801,4
802,528
802,1
802,2
802,1
802,2
803,73
803,1
804,187
804,1
805,957
806,8
807,122
808,1
808,1
808,2
809,675
809,1
810,6
810,2
811,59
811,6
811,2
812,1
812,2
812,4
812,2
812,93
812,2
812,1
813,37
813,4
813,1
814,2055
814,7
814,1
814,2
815,9
816,17
817,81
817,1
818,16
819,1665
820,4
820,7
821,19
821,1
822,873
822,1
822,1
823,21
824,11
825,1425
825,1
825,1
825,2
826,1
826,601
826,1
827,18
828,486
828,1
828,3
829,19
830,204
830,1
831,77
832,52
832,1
833,1421
833,1
833,4
834,30
835,1000
835,1
836,13
837,97
837,1
838,11
839,9
840,1078
840,1
840,3
840,1
840,1
841,375
841,1
841,1
842,1
842,1
842,1
842,1
842,1
842,1
842,2
843,33
844,34
844,1
844,1
845,2
845,1
846,843
846,2
847,3
848,1777
848,1
848,2
849,15
849,2
850,393
850,1
850,20
850,1
851,3
851,19
852,9
853,15
854,11
854,3
855,26
855,1
856,2075
856,1
857,2347
857,1
857,1
858,151
859,634
860,2
860,1329
860,1
861,994
861,1
861,1
861,1
861,1
862,1
862,2072
862,8
863,41
864,10
865,2017
865,1
865,2
865,1
866,1
866,136
866,1
867,122
867,1
867,6
868,1
868,8
868,181
869,792
869,1
869,4
870,10
870,2
871,1
871,1
871,40
872,16
873,1
873,1
873,990
874,1
874,1
874,1
874,255
874,1
874,2
875,23
876,1370
876,1
877,14
878,126
879,2155
879,1
879,4
879,1
879,1
879,3
880,740
880,1
880,1
880,1
881,16
882,30
882,1
883,1
883,309
883,1
883,1
883,3
883,3
883,1
884,1
884,4
884,1434
885,1
885,288
885,3
886,3
887,17
887,1
887,1
887,1
887,2
888,100
889,8
889,1
889,2
890,26
890,4
891,405
891,1
892,2832
893,618
893,1
893,10
894,2802
895,1660
895,1
896,2
896,305
896,1
897,1847
897,2
898,1
898,1
898,1
898,13
898,2
899,12
900,7
901,55
901,1
901,1
901,1
902,3
903,4
903,234
903,16
903,1
903,1
903,1
904,38
905,9
906,2
906,1
906,1
906,1
906,1
906,1
906,1
906,1
907,1
907,1
907,1
907,1
907,12
908,13
909,13
909,1
910,5
911,33
912,2
913,54
913,1
914,3
915,30
915,14
916,2
917,4
917,1
917,1
917,1
917,1
917,1
918,6
919,22
920,38
920,1
920,1
920,1
921,131
921,1
922,4
923,33
923,1
923,2
924,1860
924,1
925,2
925,6
926,637
926,1
926,2
926,1
926,1
927,1
927,336
927,2
927,1
928,4
929,883
929,1
929,1
929,1
930,863
931,840
931,1
931,2
932,18
933,22
934,14
934,2
935,2
935,6
936,21
937,1
937,77
937,1
938,4
938,76
938,1
938,1
939,168
939,1
940,1
940,513
941,48
942,2
942,1
942,1048
942,1
943,1
943,440
943,1
944,4
945,29
946,1899
946,1
947,24
947,338
947,1
947,22
947,1
947,4
948,35
949,114
950,20
951,9
952,2
952,368
952,2
952,1
952,6
952,1
953,467
953,3
953,4
953,1
953,1
954,3
954,155
954,1
955,551
955,1
956,412
956,3
956,3
956,1
957,61
957,6
957,4
958,203
958,3
958,5
959,201
959,1
960,19
960,2
961,2583
961,1
961,1
962,616
962,1
962,2
963,47
964,242
965,210
966,1
966,16
966,1
966,2
966,1759
966,1
966,1
966,3
966,3
967,97
967,1
968,496
968,10
968,1
968,1
968,1
969,28
969,4
970,2
971,17
972,252
972,1
972,1
972,1
973,8
974,2361
974,3
975,292
975,7
975,1
975,1
976,1483
976,1
976,2
976,2
977,34
977,4
978,6
979,2
979,2
980,1
980,1
980,2
981,6
981,1
981,1
982,14
982,898
983,2727
983,2
983,1
983,7
984,15
985,32
986,1199
986,1
986,9
986,1
986,2
986,1
987,2535
987,1
987,1
988,1068
988,1
988,1
988,1
988,2
989,93
989,1
989,1
990,7
991,87
991,4
991,3
992,433
992,1
992,4
992,1
993,39
993,1
994,33
995,438
995,1
995,1
995,1
996,103
996,1
997,667
997,1
997,2
997,3
998,101
998,4
999,3
999,1
999,1
