run,n_moved,n_clusters,max_cluster
run_0000_state_final.csv,599,8,580
run_0001_state_final.csv,827,3,814
run_0002_state_final.csv,58,1,58
run_0003_state_final.csv,49,2,48
run_0004_state_final.csv,30,2,29
run_0005_state_final.csv,59,1,59
run_0006_state_final.csv,9,2,6
run_0007_state_final.csv,1151,3,1146
run_0008_state_final.csv,96,2,95
run_0009_state_final.csv,14,1,14
run_0010_state_final.csv,376,12,350
run_0011_state_final.csv,21,1,21
run_0012_state_final.csv,11,1,11
run_0013_state_final.csv,1918,1,1918
run_0014_state_final.csv,40,2,36
run_0015_state_final.csv,5,2,4
run_0016_state_final.csv,23,1,23
run_0017_state_final.csv,52,1,52
run_0018_state_final.csv,29,1,29
run_0019_state_final.csv,5,1,5
run_0020_state_final.csv,6,2,5
run_0021_state_final.csv,47,1,47
run_0022_state_final.csv,7,1,7
run_0023_state_final.csv,33,3,26
run_0024_state_final.csv,858,3,846
run_0025_state_final.csv,14,1,14
run_0026_state_final.csv,7,2,5
run_0027_state_final.csv,3,2,2
run_0028_state_final.csv,31,2,27
run_0029_state_final.csv,73,4,68
run_0030_state_final.csv,2081,5,2075
run_0031_state_final.csv,254,2,253
run_0032_state_final.csv,27,3,25
run_0033_state_final.csv,2435,2,2434
run_0034_state_final.csv,784,8,771
run_0035_state_final.csv,539,1,539
run_0036_state_final.csv,33,4,11
run_0037_state_final.csv,8,1,8
run_0038_state_final.csv,5,4,2
run_0039_state_final.csv,143,3,140
run_0040_state_final.csv,13,2,12
run_0041_state_final.csv,20,2,19
run_0042_state_final.csv,10,2,9
run_0043_state_final.csv,2256,2,2253
run_0044_state_final.csv,722,8,710
run_0045_state_final.csv,1903,2,1902
run_0046_state_final.csv,20,1,20
run_0047_state_final.csv,9,1,9
run_0048_state_final.csv,12,1,12
run_0049_state_final.csv,2488,3,2486
run_0050_state_final.csv,24,1,24
run_0051_state_final.csv,5,1,5
run_0052_state_final.csv,2231,2,2230
run_0053_state_final.csv,531,3,520
run_0054_state_final.csv,8,2,7
run_0055_state_final.csv,7,1,7
run_0056_state_final.csv,6,1,6
run_0057_state_final.csv,1111,2,1106
run_0058_state_final.csv,16,1,16
run_0059_state_final.csv,6,2,4
run_0060_state_final.csv,11,1,11
run_0061_state_final.csv,62,1,62
run_0062_state_final.csv,6,5,2
run_0063_state_final.csv,7,2,5
run_0064_state_final.csv,17,1,17
run_0065_state_final.csv,1808,3,1806
run_0066_state_final.csv,1799,4,1792
run_0067_state_final.csv,5,4,2
run_0068_state_final.csv,13,1,13
run_0069_state_final.csv,1931,3,1924
run_0070_state_final.csv,18,3,14
run_0071_state_final.csv,14,1,14
run_0072_state_final.csv,844,2,843
run_0073_state_final.csv,7,2,4
run_0074_state_final.csv,928,2,927
run_0075_state_final.csv,30,1,30
run_0076_state_final.csv,14,3,11
run_0077_state_final.csv,182,1,182
run_0078_state_final.csv,2,1,2
run_0079_state_final.csv,50,4,44
run_0080_state_final.csv,991,5,973
run_0081_state_final.csv,29,1,29
run_0082_state_final.csv,11,1,11
run_0083_state_final.csv,6,1,6
run_0084_state_final.csv,171,3,169
run_0085_state_final.csv,126,1,126
run_0086_state_final.csv,1734,4,1726
run_0087_state_final.csv,10,2,8
run_0088_state_final.csv,49,1,49
run_0089_state_final.csv,13,5,9
run_0090_state_final.csv,40,1,40
run_0091_state_final.csv,11,2,9
run_0092_state_final.csv,63,1,63
run_0093_state_final.csv,14,1,14
run_0094_state_final.csv,60,1,60
run_0095_state_final.csv,7,2,6
run_0096_state_final.csv,105,5,101
run_0097_state_final.csv,65,2,64
run_0098_state_final.csv,12,1,12
run_0099_state_final.csv,25,2,24
run_0100_state_final.csv,2621,1,2621
run_0101_state_final.csv,27,1,27
run_0102_state_final.csv,432,2,431
run_0103_state_final.csv,19,2,18
run_0104_state_final.csv,14,2,13
run_0105_state_final.csv,492,6,483
run_0106_state_final.csv,29,1,29
run_0107_state_final.csv,174,1,174
run_0108_state_final.csv,9,5,5
run_0109_state_final.csv,25,1,25
run_0110_state_final.csv,26,1,26
run_0111_state_final.csv,11,1,11
run_0112_state_final.csv,18,1,18
run_0113_state_final.csv,2,1,2
run_0114_state_final.csv,56,3,53
run_0115_state_final.csv,12,1,12
run_0116_state_final.csv,706,6,658
run_0117_state_final.csv,42,1,42
run_0118_state_final.csv,9,1,9
run_0119_state_final.csv,6,1,6
run_0120_state_final.csv,92,2,90
run_0121_state_final.csv,126,1,126
run_0122_state_final.csv,34,1,34
run_0123_state_final.csv,16,1,16
run_0124_state_final.csv,1827,2,1826
run_0125_state_final.csv,7,2,6
run_0126_state_final.csv,17,1,17
run_0127_state_final.csv,45,2,42
run_0128_state_final.csv,4,1,4
run_0129_state_final.csv,1467,8,1459
run_0130_state_final.csv,52,2,51
run_0131_state_final.csv,2341,1,2341
run_0132_state_final.csv,49,1,49
run_0133_state_final.csv,21,3,19
run_0134_state_final.csv,2594,1,2594
run_0135_state_final.csv,63,2,60
run_0136_state_final.csv,3,2,2
run_0137_state_final.csv,28,1,28
run_0138_state_final.csv,12,2,11
run_0139_state_final.csv,1674,1,1674
run_0140_state_final.csv,2282,2,2280
run_0141_state_final.csv,31,1,31
run_0142_state_final.csv,2,1,2
run_0143_state_final.csv,203,1,203
run_0144_state_final.csv,34,2,27
run_0145_state_final.csv,9,2,6
run_0146_state_final.csv,373,3,357
run_0147_state_final.csv,1505,2,1504
run_0148_state_final.csv,34,4,21
run_0149_state_final.csv,85,6,63
run_0150_state_final.csv,8,1,8
run_0151_state_final.csv,6,3,4
run_0152_state_final.csv,76,1,76
run_0153_state_final.csv,4,3,2
run_0154_state_final.csv,2645,2,2643
run_0155_state_final.csv,6,1,6
run_0156_state_final.csv,121,2,120
run_0157_state_final.csv,72,1,72
run_0158_state_final.csv,420,4,416
run_0159_state_final.csv,8,2,6
run_0160_state_final.csv,33,2,29
run_0161_state_final.csv,2543,2,2540
run_0162_state_final.csv,22,1,22
run_0163_state_final.csv,7,1,7
run_0164_state_final.csv,7,2,5
run_0165_state_final.csv,1119,1,1119
run_0166_state_final.csv,187,7,175
run_0167_state_final.csv,1206,4,1199
run_0168_state_final.csv,118,1,118
run_0169_state_final.csv,1207,3,1205
run_0170_state_final.csv,6,2,5
run_0171_state_final.csv,502,4,497
run_0172_state_final.csv,50,3,43
run_0173_state_final.csv,29,1,29
run_0174_state_final.csv,7,1,7
run_0175_state_final.csv,32,1,32
run_0176_state_final.csv,746,6,726
run_0177_state_final.csv,18,1,18
run_0178_state_final.csv,100,2,99
run_0179_state_final.csv,103,1,103
run_0180_state_final.csv,18,1,18
run_0181_state_final.csv,23,2,21
run_0182_state_final.csv,226,2,225
run_0183_state_final.csv,13,1,13
run_0184_state_final.csv,47,1,47
run_0185_state_final.csv,15,1,15
run_0186_state_final.csv,15,2,9
run_0187_state_final.csv,452,1,452
run_0188_state_final.csv,189,1,189
run_0189_state_final.csv,69,2,67
run_0190_state_final.csv,59,2,55
run_0191_state_final.csv,21,2,20
run_0192_state_final.csv,522,3,519
run_0193_state_final.csv,12,10,2
run_0194_state_final.csv,104,6,96
run_0195_state_final.csv,8,3,6
run_0196_state_final.csv,7,2,6
run_0197_state_final.csv,1883,5,1871
run_0198_state_final.csv,17,1,17
run_0199_state_final.csv,2126,2,2125
run_0200_state_final.csv,2149,3,2147
run_0201_state_final.csv,6,1,6
run_0202_state_final.csv,11,1,11
run_0203_state_final.csv,800,2,799
run_0204_state_final.csv,21,1,21
run_0205_state_final.csv,145,4,142
run_0206_state_final.csv,18,2,16
run_0207_state_final.csv,341,7,334
run_0208_state_final.csv,6,1,6
run_0209_state_final.csv,917,3,913
run_0210_state_final.csv,5,1,5
run_0211_state_final.csv,18,1,18
run_0212_state_final.csv,619,2,618
run_0213_state_final.csv,54,2,51
run_0214_state_final.csv,2849,3,2834
run_0215_state_final.csv,26,3,23
run_0216_state_final.csv,58,2,54
run_0217_state_final.csv,2303,1,2303
run_0218_state_final.csv,47,2,46
run_0219_state_final.csv,1235,1,1235
run_0220_state_final.csv,8,2,6
run_0221_state_final.csv,4,1,4
run_0222_state_final.csv,85,2,84
run_0223_state_final.csv,2310,1,2310
run_0224_state_final.csv,8,1,8
run_0225_state_final.csv,11,2,10
run_0226_state_final.csv,33,3,27
run_0227_state_final.csv,151,1,151
run_0228_state_final.csv,2,1,2
run_0229_state_final.csv,7,1,7
run_0230_state_final.csv,72,3,52
run_0231_state_final.csv,11,2,10
run_0232_state_final.csv,80,2,79
run_0233_state_final.csv,10,3,6
run_0234_state_final.csv,2612,4,2609
run_0235_state_final.csv,1819,8,1808
run_0236_state_final.csv,51,1,51
run_0237_state_final.csv,6,2,5
run_0238_state_final.csv,4,1,4
run_0239_state_final.csv,7,1,7
run_0240_state_final.csv,226,1,226
run_0241_state_final.csv,82,3,76
run_0242_state_final.csv,6,1,6
run_0243_state_final.csv,260,3,258
run_0244_state_final.csv,14,1,14
run_0245_state_final.csv,42,1,42
run_0246_state_final.csv,14,1,14
run_0247_state_final.csv,637,3,619
run_0248_state_final.csv,111,1,111
run_0249_state_final.csv,42,2,40
run_0250_state_final.csv,8,2,7
run_0251_state_final.csv,181,2,180
run_0252_state_final.csv,589,4,562
run_0253_state_final.csv,386,5,380
run_0254_state_final.csv,33,1,33
run_0255_state_final.csv,29,2,26
run_0256_state_final.csv,47,4,43
run_0257_state_final.csv,68,1,68
run_0258_state_final.csv,9,2,8
run_0259_state_final.csv,20,1,20
run_0260_state_final.csv,3,1,3
run_0261_state_final.csv,2,1,2
run_0262_state_final.csv,11,1,11
run_0263_state_final.csv,2553,2,2552
run_0264_state_final.csv,9,1,9
run_0265_state_final.csv,5,1,5
run_0266_state_final.csv,2578,1,2578
run_0267_state_final.csv,4,1,4
run_0268_state_final.csv,7,1,7
run_0269_state_final.csv,616,3,614
run_0270_state_final.csv,46,1,46
run_0271_state_final.csv,16,3,14
run_0272_state_final.csv,12,1,12
run_0273_state_final.csv,1298,9,1285
run_0274_state_final.csv,8,2,6
run_0275_state_final.csv,215,10,203
run_0276_state_final.csv,9,1,9
run_0277_state_final.csv,3,2,2
run_0278_state_final.csv,3,1,3
run_0279_state_final.csv,401,2,392
run_0280_state_final.csv,1705,4,1696
run_0281_state_final.csv,11,1,11
run_0282_state_final.csv,10,1,10
run_0283_state_final.csv,18,1,18
run_0284_state_final.csv,28,3,21
run_0285_state_final.csv,10,2,8
run_0286_state_final.csv,15,4,12
run_0287_state_final.csv,37,1,37
run_0288_state_final.csv,1285,3,1283
run_0289_state_final.csv,110,1,110
run_0290_state_final.csv,1375,4,1372
run_0291_state_final.csv,99,3,95
run_0292_state_final.csv,23,6,17
run_0293_state_final.csv,10,2,9
run_0294_state_final.csv,1552,7,1530
run_0295_state_final.csv,5,1,5
run_0296_state_final.csv,24,3,21
run_0297_state_final.csv,21,2,13
run_0298_state_final.csv,2239,2,2238
run_0299_state_final.csv,11,3,8
run_0300_state_final.csv,25,2,23
run_0301_state_final.csv,1350,4,1347
run_0302_state_final.csv,1217,6,1211
run_0303_state_final.csv,12,2,8
run_0304_state_final.csv,31,3,24
run_0305_state_final.csv,6,2,4
run_0306_state_final.csv,874,3,872
run_0307_state_final.csv,56,1,56
run_0308_state_final.csv,27,3,13
run_0309_state_final.csv,36,1,36
run_0310_state_final.csv,2075,4,2070
run_0311_state_final.csv,7,2,6
run_0312_state_final.csv,72,1,72
run_0313_state_final.csv,1679,2,1678
run_0314_state_final.csv,21,1,21
run_0315_state_final.csv,11,3,5
run_0316_state_final.csv,10,1,10
run_0317_state_final.csv,124,1,124
run_0318_state_final.csv,1240,6,1234
run_0319_state_final.csv,21,3,14
run_0320_state_final.csv,14,1,14
run_0321_state_final.csv,74,3,72
run_0322_state_final.csv,22,3,19
run_0323_state_final.csv,2107,2,2105
run_0324_state_final.csv,39,1,39
run_0325_state_final.csv,2098,2,2092
run_0326_state_final.csv,59,2,55
run_0327_state_final.csv,9,1,9
run_0328_state_final.csv,8,1,8
run_0329_state_final.csv,23,3,14
run_0330_state_final.csv,13,2,11
run_0331_state_final.csv,134,3,129
run_0332_state_final.csv,11,2,6
run_0333_state_final.csv,33,1,33
run_0334_state_final.csv,284,3,279
run_0335_state_final.csv,448,4,442
run_0336_state_final.csv,49,2,42
run_0337_state_final.csv,117,4,84
run_0338_state_final.csv,1379,5,1374
run_0339_state_final.csv,126,3,124
run_0340_state_final.csv,13,5,8
run_0341_state_final.csv,37,2,30
run_0342_state_final.csv,993,11,926
run_0343_state_final.csv,16,2,11
run_0344_state_final.csv,17,4,11
run_0345_state_final.csv,5,1,5
run_0346_state_final.csv,10,1,10
run_0347_state_final.csv,2603,1,2603
run_0348_state_final.csv,2662,2,2661
run_0349_state_final.csv,4,2,2
run_0350_state_final.csv,61,3,57
run_0351_state_final.csv,11,1,11
run_0352_state_final.csv,22,1,22
run_0353_state_final.csv,12,1,12
run_0354_state_final.csv,36,1,36
run_0355_state_final.csv,375,3,365
run_0356_state_final.csv,9,6,3
run_0357_state_final.csv,2619,4,2616
run_0358_state_final.csv,2,1,2
run_0359_state_final.csv,2415,1,2415
run_0360_state_final.csv,826,1,826
run_0361_state_final.csv,8,2,5
run_0362_state_final.csv,1145,2,1144
run_0363_state_final.csv,10,1,10
run_0364_state_final.csv,455,3,452
run_0365_state_final.csv,2242,2,2241
run_0366_state_final.csv,50,1,50
run_0367_state_final.csv,32,1,32
run_0368_state_final.csv,5,1,5
run_0369_state_final.csv,73,1,73
run_0370_state_final.csv,269,3,266
run_0371_state_final.csv,334,4,330
run_0372_state_final.csv,296,5,284
run_0373_state_final.csv,3,1,3
run_0374_state_final.csv,4,2,3
run_0375_state_final.csv,10,1,10
run_0376_state_final.csv,37,2,36
run_0377_state_final.csv,5,1,5
run_0378_state_final.csv,4,1,4
run_0379_state_final.csv,236,1,236
run_0380_state_final.csv,114,2,110
run_0381_state_final.csv,2573,2,2572
run_0382_state_final.csv,342,4,337
run_0383_state_final.csv,9,2,5
run_0384_state_final.csv,2450,2,2449
run_0385_state_final.csv,7,6,2
run_0386_state_final.csv,1429,3,1423
run_0387_state_final.csv,1128,2,1127
run_0388_state_final.csv,61,1,61
run_0389_state_final.csv,6,1,6
run_0390_state_final.csv,5,1,5
run_0391_state_final.csv,10,3,5
run_0392_state_final.csv,14,1,14
run_0393_state_final.csv,30,1,30
run_0394_state_final.csv,36,1,36
run_0395_state_final.csv,178,1,178
run_0396_state_final.csv,5,1,5
run_0397_state_final.csv,9,4,5
run_0398_state_final.csv,11,2,10
run_0399_state_final.csv,30,2,26
run_0400_state_final.csv,8,7,2
run_0401_state_final.csv,265,2,264
run_0402_state_final.csv,121,1,121
run_0403_state_final.csv,13,2,9
run_0404_state_final.csv,714,6,693
run_0405_state_final.csv,23,4,12
run_0406_state_final.csv,2075,6,2043
run_0407_state_final.csv,4,1,4
run_0408_state_final.csv,46,3,40
run_0409_state_final.csv,5,4,2
run_0410_state_final.csv,19,2,10
run_0411_state_final.csv,470,7,455
run_0412_state_final.csv,1034,4,1030
run_0413_state_final.csv,30,2,26
run_0414_state_final.csv,1183,4,1177
run_0415_state_final.csv,1182,2,1175
run_0416_state_final.csv,4,2,2
run_0417_state_final.csv,23,1,23
run_0418_state_final.csv,740,2,739
run_0419_state_final.csv,100,10,82
run_0420_state_final.csv,1866,6,1858
run_0421_state_final.csv,8,3,6
run_0422_state_final.csv,9,1,9
run_0423_state_final.csv,825,2,823
run_0424_state_final.csv,6,1,6
run_0425_state_final.csv,18,1,18
run_0426_state_final.csv,2921,2,2920
run_0427_state_final.csv,714,5,708
run_0428_state_final.csv,48,2,47
run_0429_state_final.csv,3,2,2
run_0430_state_final.csv,1450,5,1444
run_0431_state_final.csv,34,1,34
run_0432_state_final.csv,25,3,22
run_0433_state_final.csv,628,2,625
run_0434_state_final.csv,4,2,3
run_0435_state_final.csv,2660,3,2657
run_0436_state_final.csv,636,1,636
run_0437_state_final.csv,8,1,8
run_0438_state_final.csv,2073,9,2048
run_0439_state_final.csv,38,3,36
run_0440_state_final.csv,14,1,14
run_0441_state_final.csv,931,4,918
run_0442_state_final.csv,433,4,426
run_0443_state_final.csv,17,3,15
run_0444_state_final.csv,365,3,359
run_0445_state_final.csv,12,2,10
run_0446_state_final.csv,29,2,27
run_0447_state_final.csv,12,1,12
run_0448_state_final.csv,27,2,26
run_0449_state_final.csv,4,1,4
run_0450_state_final.csv,65,1,65
run_0451_state_final.csv,11,1,11
run_0452_state_final.csv,15,2,8
run_0453_state_final.csv,18,1,18
run_0454_state_final.csv,633,4,630
run_0455_state_final.csv,69,3,63
run_0456_state_final.csv,25,3,23
run_0457_state_final.csv,19,2,10
run_0458_state_final.csv,4,1,4
run_0459_state_final.csv,22,2,18
run_0460_state_final.csv,393,3,391
run_0461_state_final.csv,3,1,3
run_0462_state_final.csv,12,2,9
run_0463_state_final.csv,190,3,187
run_0464_state_final.csv,16,1,16
run_0465_state_final.csv,9,2,6
run_0466_state_final.csv,151,4,146
run_0467_state_final.csv,505,4,502
run_0468_state_final.csv,1147,2,1145
run_0469_state_final.csv,5,1,5
run_0470_state_final.csv,2797,2,2790
run_0471_state_final.csv,7,2,4
run_0472_state_final.csv,11,1,11
run_0473_state_final.csv,8,3,5
run_0474_state_final.csv,6,2,5
run_0475_state_final.csv,7,1,7
run_0476_state_final.csv,121,1,121
run_0477_state_final.csv,253,5,241
run_0478_state_final.csv,50,2,49
run_0479_state_final.csv,7,2,5
run_0480_state_final.csv,2593,3,2591
run_0481_state_final.csv,4,2,2
run_0482_state_final.csv,2,1,2
run_0483_state_final.csv,165,1,165
run_0484_state_final.csv,5,1,5
run_0485_state_final.csv,11,2,9
run_0486_state_final.csv,810,4,803
run_0487_state_final.csv,1180,2,1179
run_0488_state_final.csv,10,2,9
run_0489_state_final.csv,26,2,24
run_0490_state_final.csv,30,1,30
run_0491_state_final.csv,9,6,3
run_0492_state_final.csv,1737,2,1730
run_0493_state_final.csv,681,2,679
run_0494_state_final.csv,10,2,6
run_0495_state_final.csv,18,1,18
run_0496_state_final.csv,966,4,963
run_0497_state_final.csv,10,1,10
run_0498_state_final.csv,7,2,5
run_0499_state_final.csv,27,1,27
run_0500_state_final.csv,14,4,10
run_0501_state_final.csv,177,3,174
run_0502_state_final.csv,13,1,13
run_0503_state_final.csv,38,1,38
run_0504_state_final.csv,1956,3,1949
run_0505_state_final.csv,6,5,2
run_0506_state_final.csv,8,1,8
run_0507_state_final.csv,5,1,5
run_0508_state_final.csv,17,1,17
run_0509_state_final.csv,1320,5,1316
run_0510_state_final.csv,27,2,22
run_0511_state_final.csv,4,1,4
run_0512_state_final.csv,33,3,28
run_0513_state_final.csv,40,7,31
run_0514_state_final.csv,5,1,5
run_0515_state_final.csv,987,2,986
run_0516_state_final.csv,9,3,7
run_0517_state_final.csv,17,1,17
run_0518_state_final.csv,23,1,23
run_0519_state_final.csv,9,2,7
run_0520_state_final.csv,21,1,21
run_0521_state_final.csv,6,1,6
run_0522_state_final.csv,183,5,178
run_0523_state_final.csv,12,1,12
run_0524_state_final.csv,5,1,5
run_0525_state_final.csv,829,4,826
run_0526_state_final.csv,72,3,63
run_0527_state_final.csv,153,1,153
run_0528_state_final.csv,17,2,15
run_0529_state_final.csv,15,1,15
run_0530_state_final.csv,5,3,2
run_0531_state_final.csv,289,2,288
run_0532_state_final.csv,1219,4,1216
run_0533_state_final.csv,888,5,877
run_0534_state_final.csv,19,1,19
run_0535_state_final.csv,17,3,14
run_0536_state_final.csv,1620,8,1604
run_0537_state_final.csv,17,1,17
run_0538_state_final.csv,8,2,7
run_0539_state_final.csv,10,1,10
run_0540_state_final.csv,5,1,5
run_0541_state_final.csv,14,3,8
run_0542_state_final.csv,24,7,18
run_0543_state_final.csv,5,4,2
run_0544_state_final.csv,8,3,6
run_0545_state_final.csv,10,1,10
run_0546_state_final.csv,10,2,9
run_0547_state_final.csv,1633,2,1631
run_0548_state_final.csv,11,1,11
run_0549_state_final.csv,35,1,35
run_0550_state_final.csv,122,4,117
run_0551_state_final.csv,715,2,714
run_0552_state_final.csv,12,2,10
run_0553_state_final.csv,150,1,150
run_0554_state_final.csv,34,1,34
run_0555_state_final.csv,20,2,18
run_0556_state_final.csv,18,2,17
run_0557_state_final.csv,5,1,5
run_0558_state_final.csv,1457,2,1456
run_0559_state_final.csv,849,2,848
run_0560_state_final.csv,2003,3,1993
run_0561_state_final.csv,500,6,489
run_0562_state_final.csv,13,1,13
run_0563_state_final.csv,1902,2,1901
run_0564_state_final.csv,8,2,7
run_0565_state_final.csv,2792,1,2792
run_0566_state_final.csv,15,2,12
run_0567_state_final.csv,94,1,94
run_0568_state_final.csv,1727,2,1726
run_0569_state_final.csv,594,1,594
run_0570_state_final.csv,6,3,4
run_0571_state_final.csv,11,1,11
run_0572_state_final.csv,77,2,76
run_0573_state_final.csv,102,2,101
run_0574_state_final.csv,33,5,25
run_0575_state_final.csv,2353,1,2353
run_0576_state_final.csv,363,2,362
run_0577_state_final.csv,771,4,768
run_0578_state_final.csv,29,1,29
run_0579_state_final.csv,2513,2,2512
run_0580_state_final.csv,918,1,918
run_0581_state_final.csv,171,2,170
run_0582_state_final.csv,10,1,10
run_0583_state_final.csv,26,4,15
run_0584_state_final.csv,913,2,912
run_0585_state_final.csv,100,2,99
run_0586_state_final.csv,24,1,24
run_0587_state_final.csv,4,1,4
run_0588_state_final.csv,82,2,81
run_0589_state_final.csv,4,1,4
run_0590_state_final.csv,7,2,5
run_0591_state_final.csv,148,4,140
run_0592_state_final.csv,26,2,21
run_0593_state_final.csv,36,2,35
run_0594_state_final.csv,1578,2,1577
run_0595_state_final.csv,2371,2,2370
run_0596_state_final.csv,10,1,10
run_0597_state_final.csv,884,2,881
run_0598_state_final.csv,2684,1,2684
run_0599_state_final.csv,58,1,58
run_0600_state_final.csv,4,1,4
run_0601_state_final.csv,15,1,15
run_0602_state_final.csv,851,6,846
run_0603_state_final.csv,34,7,15
run_0604_state_final.csv,2,1,2
run_0605_state_final.csv,4,1,4
run_0606_state_final.csv,43,1,43
run_0607_state_final.csv,1863,4,1860
run_0608_state_final.csv,10,1,10
run_0609_state_final.csv,2571,1,2571
run_0610_state_final.csv,18,2,13
run_0611_state_final.csv,2194,3,2191
run_0612_state_final.csv,8,2,6
run_0613_state_final.csv,12,2,10
run_0614_state_final.csv,9,2,7
run_0615_state_final.csv,14,2,9
run_0616_state_final.csv,51,5,46
run_0617_state_final.csv,1337,2,1336
run_0618_state_final.csv,267,7,248
run_0619_state_final.csv,4,3,2
run_0620_state_final.csv,1943,1,1943
run_0621_state_final.csv,10,1,10
run_0622_state_final.csv,50,6,34
run_0623_state_final.csv,1540,3,1538
run_0624_state_final.csv,14,1,14
run_0625_state_final.csv,13,2,8
run_0626_state_final.csv,14,1,14
run_0627_state_final.csv,18,3,16
run_0628_state_final.csv,7,2,5
run_0629_state_final.csv,139,4,132
run_0630_state_final.csv,5,1,5
run_0631_state_final.csv,1715,4,1711
run_0632_state_final.csv,7,4,3
run_0633_state_final.csv,69,1,69
run_0634_state_final.csv,504,9,486
run_0635_state_final.csv,789,7,781
run_0636_state_final.csv,1347,2,1346
run_0637_state_final.csv,2120,2,2119
run_0638_state_final.csv,477,3,475
run_0639_state_final.csv,5,4,2
run_0640_state_final.csv,652,8,587
run_0641_state_final.csv,690,2,689
run_0642_state_final.csv,2257,3,2255
run_0643_state_final.csv,1929,2,1926
run_0644_state_final.csv,34,1,34
run_0645_state_final.csv,289,2,288
run_0646_state_final.csv,26,3,15
run_0647_state_final.csv,30,3,26
run_0648_state_final.csv,2,1,2
run_0649_state_final.csv,2030,3,2026
run_0650_state_final.csv,34,1,34
run_0651_state_final.csv,4,1,4
run_0652_state_final.csv,24,2,21
run_0653_state_final.csv,1429,2,1428
run_0654_state_final.csv,20,1,20
run_0655_state_final.csv,37,2,34
run_0656_state_final.csv,2458,2,2457
run_0657_state_final.csv,320,6,286
run_0658_state_final.csv,664,4,660
run_0659_state_final.csv,18,6,11
run_0660_state_final.csv,631,3,629
run_0661_state_final.csv,1555,2,1554
run_0662_state_final.csv,395,1,395
run_0663_state_final.csv,141,5,137
run_0664_state_final.csv,380,10,369
run_0665_state_final.csv,34,1,34
run_0666_state_final.csv,72,1,72
run_0667_state_final.csv,1238,2,1237
run_0668_state_final.csv,54,6,41
run_0669_state_final.csv,1468,2,1465
run_0670_state_final.csv,936,4,930
run_0671_state_final.csv,17,1,17
run_0672_state_final.csv,49,1,49
run_0673_state_final.csv,11,1,11
run_0674_state_final.csv,1127,6,1119
run_0675_state_final.csv,11,1,11
run_0676_state_final.csv,2,1,2
run_0677_state_final.csv,332,3,328
run_0678_state_final.csv,9,1,9
run_0679_state_final.csv,4,2,3
run_0680_state_final.csv,15,1,15
run_0681_state_final.csv,12,1,12
run_0682_state_final.csv,18,1,18
run_0683_state_final.csv,2038,5,2031
run_0684_state_final.csv,34,5,25
run_0685_state_final.csv,48,2,47
run_0686_state_final.csv,5,1,5
run_0687_state_final.csv,162,5,155
run_0688_state_final.csv,475,2,474
run_0689_state_final.csv,60,2,59
run_0690_state_final.csv,5,4,2
run_0691_state_final.csv,9,1,9
run_0692_state_final.csv,833,5,828
run_0693_state_final.csv,1928,4,1919
run_0694_state_final.csv,123,1,123
run_0695_state_final.csv,7,2,5
run_0696_state_final.csv,6,1,6
run_0697_state_final.csv,426,3,423
run_0698_state_final.csv,15,2,11
run_0699_state_final.csv,773,2,772
run_0700_state_final.csv,28,2,26
run_0701_state_final.csv,57,2,53
run_0702_state_final.csv,22,2,21
run_0703_state_final.csv,45,2,42
run_0704_state_final.csv,47,1,47
run_0705_state_final.csv,429,2,428
run_0706_state_final.csv,25,2,24
run_0707_state_final.csv,9,2,5
run_0708_state_final.csv,15,1,15
run_0709_state_final.csv,1151,3,1149
run_0710_state_final.csv,2744,1,2744
run_0711_state_final.csv,766,3,762
run_0712_state_final.csv,545,8,533
run_0713_state_final.csv,357,2,356
run_0714_state_final.csv,1422,7,1416
run_0715_state_final.csv,46,2,45
run_0716_state_final.csv,0,0,0
run_0717_state_final.csv,525,5,519
run_0718_state_final.csv,24,1,24
run_0719_state_final.csv,58,1,58
run_0720_state_final.csv,21,2,18
run_0721_state_final.csv,801,1,801
run_0722_state_final.csv,1094,5,1085
run_0723_state_final.csv,12,2,9
run_0724_state_final.csv,7,1,7
run_0725_state_final.csv,12,2,6
run_0726_state_final.csv,12,2,9
run_0727_state_final.csv,146,2,145
run_0728_state_final.csv,20,2,18
run_0729_state_final.csv,2615,1,2615
run_0730_state_final.csv,5,3,3
run_0731_state_final.csv,45,1,45
run_0732_state_final.csv,9,2,8
run_0733_state_final.csv,2,1,2
run_0734_state_final.csv,2,1,2
run_0735_state_final.csv,1118,5,1113
run_0736_state_final.csv,2,1,2
run_0737_state_final.csv,9,1,9
run_0738_state_final.csv,69,3,67
run_0739_state_final.csv,13,1,13
run_0740_state_final.csv,382,3,379
run_0741_state_final.csv,239,2,238
run_0742_state_final.csv,2,1,2
run_0743_state_final.csv,258,5,252
run_0744_state_final.csv,14,2,11
run_0745_state_final.csv,2597,2,2595
run_0746_state_final.csv,17,2,14
run_0747_state_final.csv,42,2,40
run_0748_state_final.csv,2454,2,2453
run_0749_state_final.csv,842,2,841
run_0750_state_final.csv,14,4,11
run_0751_state_final.csv,2,1,2
run_0752_state_final.csv,10,4,4
run_0753_state_final.csv,2292,1,2292
run_0754_state_final.csv,7,2,4
run_0755_state_final.csv,524,4,518
run_0756_state_final.csv,561,1,561
run_0757_state_final.csv,2245,1,2245
run_0758_state_final.csv,8,1,8
run_0759_state_final.csv,511,2,510
run_0760_state_final.csv,41,2,38
run_0761_state_final.csv,5,1,5
run_0762_state_final.csv,9,2,6
run_0763_state_final.csv,340,2,339
run_0764_state_final.csv,1843,2,1842
run_0765_state_final.csv,7,3,5
run_0766_state_final.csv,7,2,6
run_0767_state_final.csv,551,1,551
run_0768_state_final.csv,846,5,841
run_0769_state_final.csv,5,1,5
run_0770_state_final.csv,18,2,15
run_0771_state_final.csv,14,1,14
run_0772_state_final.csv,10,1,10
run_0773_state_final.csv,31,2,30
run_0774_state_final.csv,22,1,22
run_0775_state_final.csv,18,1,18
run_0776_state_final.csv,89,3,87
run_0777_state_final.csv,73,1,73
run_0778_state_final.csv,1397,3,1394
run_0779_state_final.csv,41,2,40
run_0780_state_final.csv,52,3,38
run_0781_state_final.csv,6,1,6
run_0782_state_final.csv,47,4,43
run_0783_state_final.csv,52,1,52
run_0784_state_final.csv,7,2,5
run_0785_state_final.csv,714,4,697
run_0786_state_final.csv,51,4,46
run_0787_state_final.csv,7,4,4
run_0788_state_final.csv,688,3,660
run_0789_state_final.csv,608,3,606
run_0790_state_final.csv,11,2,8
run_0791_state_final.csv,724,5,715
run_0792_state_final.csv,316,6,308
run_0793_state_final.csv,3,1,3
run_0794_state_final.csv,29,2,27
run_0795_state_final.csv,1839,2,1830
run_0796_state_final.csv,2282,5,2274
run_0797_state_final.csv,15,3,9
run_0798_state_final.csv,27,2,24
run_0799_state_final.csv,14,1,14
run_0800_state_final.csv,11,1,11
run_0801_state_final.csv,4,3,2
run_0802_state_final.csv,379,4,376
run_0803_state_final.csv,44,2,43
run_0804_state_final.csv,108,3,103
run_0805_state_final.csv,930,1,930
run_0806_state_final.csv,8,1,8
run_0807_state_final.csv,89,2,88
run_0808_state_final.csv,3,2,2
run_0809_state_final.csv,606,4,603
run_0810_state_final.csv,7,2,6
run_0811_state_final.csv,53,1,53
run_0812_state_final.csv,96,7,85
run_0813_state_final.csv,27,2,24
run_0814_state_final.csv,1841,3,1839
run_0815_state_final.csv,7,1,7
run_0816_state_final.csv,17,1,17
run_0817_state_final.csv,63,2,62
run_0818_state_final.csv,11,1,11
run_0819_state_final.csv,1468,2,1467
run_0820_state_final.csv,10,3,6
run_0821_state_final.csv,19,1,19
run_0822_state_final.csv,735,7,725
run_0823_state_final.csv,9,3,6
run_0824_state_final.csv,7,3,4
run_0825_state_final.csv,1171,9,1160
run_0826_state_final.csv,377,3,375
run_0827_state_final.csv,13,2,8
run_0828_state_final.csv,365,4,361
run_0829_state_final.csv,12,2,10
run_0830_state_final.csv,100,2,98
run_0831_state_final.csv,28,2,27
run_0832_state_final.csv,37,2,36
run_0833_state_final.csv,1208,3,1205
run_0834_state_final.csv,19,2,18
run_0835_state_final.csv,760,2,759
run_0836_state_final.csv,13,1,13
run_0837_state_final.csv,86,3,82
run_0838_state_final.csv,13,1,13
run_0839_state_final.csv,8,1,8
run_0840_state_final.csv,1048,2,1047
run_0841_state_final.csv,177,2,175
run_0842_state_final.csv,8,6,3
run_0843_state_final.csv,15,3,11
run_0844_state_final.csv,36,1,36
run_0845_state_final.csv,4,2,2
run_0846_state_final.csv,745,1,745
run_0847_state_final.csv,3,1,3
run_0848_state_final.csv,1611,3,1608
run_0849_state_final.csv,9,2,5
run_0850_state_final.csv,267,4,261
run_0851_state_final.csv,16,2,15
run_0852_state_final.csv,7,1,7
run_0853_state_final.csv,11,2,9
run_0854_state_final.csv,18,2,14
run_0855_state_final.csv,28,3,21
run_0856_state_final.csv,1957,2,1956
run_0857_state_final.csv,2176,2,2174
run_0858_state_final.csv,71,3,69
run_0859_state_final.csv,422,7,385
run_0860_state_final.csv,1141,2,1140
run_0861_state_final.csv,808,2,807
run_0862_state_final.csv,1932,2,1931
run_0863_state_final.csv,31,1,31
run_0864_state_final.csv,5,1,5
run_0865_state_final.csv,1990,5,1980
run_0866_state_final.csv,100,3,98
run_0867_state_final.csv,110,2,104
run_0868_state_final.csv,164,1,164
run_0869_state_final.csv,607,4,604
run_0870_state_final.csv,11,3,5
run_0871_state_final.csv,30,4,27
run_0872_state_final.csv,12,2,11
run_0873_state_final.csv,869,2,868
run_0874_state_final.csv,200,5,195
run_0875_state_final.csv,15,1,15
run_0876_state_final.csv,1202,4,1194
run_0877_state_final.csv,14,1,14
run_0878_state_final.csv,79,1,79
run_0879_state_final.csv,1934,2,1929
run_0880_state_final.csv,517,8,502
run_0881_state_final.csv,12,4,7
run_0882_state_final.csv,31,2,28
run_0883_state_final.csv,180,1,180
run_0884_state_final.csv,1232,2,1231
run_0885_state_final.csv,186,2,185
run_0886_state_final.csv,1,1,1
run_0887_state_final.csv,22,3,11
run_0888_state_final.csv,100,2,96
run_0889_state_final.csv,10,4,7
run_0890_state_final.csv,27,1,27
run_0891_state_final.csv,275,7,269
run_0892_state_final.csv,2665,3,2660
run_0893_state_final.csv,448,3,446
run_0894_state_final.csv,2729,3,2727
run_0895_state_final.csv,1632,2,1631
run_0896_state_final.csv,206,3,204
run_0897_state_final.csv,1655,4,1652
run_0898_state_final.csv,18,5,12
run_0899_state_final.csv,11,1,11
run_0900_state_final.csv,9,1,9
run_0901_state_final.csv,82,2,80
run_0902_state_final.csv,3,2,2
run_0903_state_final.csv,165,1,165
run_0904_state_final.csv,27,5,22
run_0905_state_final.csv,9,1,9
run_0906_state_final.csv,8,7,2
run_0907_state_final.csv,11,5,5
run_0908_state_final.csv,10,1,10
run_0909_state_final.csv,8,2,6
run_0910_state_final.csv,5,1,5
run_0911_state_final.csv,32,1,32
run_0912_state_final.csv,5,2,3
run_0913_state_final.csv,52,1,52
run_0914_state_final.csv,5,1,5
run_0915_state_final.csv,37,2,33
run_0916_state_final.csv,4,1,4
run_0917_state_final.csv,11,7,5
run_0918_state_final.csv,6,2,5
run_0919_state_final.csv,18,1,18
run_0920_state_final.csv,29,1,29
run_0921_state_final.csv,86,2,85
run_0922_state_final.csv,4,1,4
run_0923_state_final.csv,33,2,32
run_0924_state_final.csv,1723,6,1715
run_0925_state_final.csv,8,2,4
run_0926_state_final.csv,445,3,438
run_0927_state_final.csv,151,3,148
run_0928_state_final.csv,4,1,4
run_0929_state_final.csv,539,5,533
run_0930_state_final.csv,669,2,666
run_0931_state_final.csv,767,1,767
run_0932_state_final.csv,19,1,19
run_0933_state_final.csv,20,2,19
run_0934_state_final.csv,7,2,5
run_0935_state_final.csv,9,2,7
run_0936_state_final.csv,22,1,22
run_0937_state_final.csv,61,1,61
run_0938_state_final.csv,58,1,58
run_0939_state_final.csv,144,2,143
run_0940_state_final.csv,341,4,335
run_0941_state_final.csv,34,3,22
run_0942_state_final.csv,872,2,868
run_0943_state_final.csv,236,3,234
run_0944_state_final.csv,4,1,4
run_0945_state_final.csv,22,1,22
run_0946_state_final.csv,1799,2,1798
run_0947_state_final.csv,291,3,268
run_0948_state_final.csv,26,1,26
run_0949_state_final.csv,78,3,75
run_0950_state_final.csv,18,2,14
run_0951_state_final.csv,6,1,6
run_0952_state_final.csv,228,1,228
run_0953_state_final.csv,465,3,463
run_0954_state_final.csv,88,1,88
run_0955_state_final.csv,516,5,510
run_0956_state_final.csv,329,2,327
run_0957_state_final.csv,54,3,45
run_0958_state_final.csv,175,2,173
run_0959_state_final.csv,198,2,194
run_0960_state_final.csv,19,2,18
run_0961_state_final.csv,2344,3,2340
run_0962_state_final.csv,601,4,598
run_0963_state_final.csv,53,1,53
run_0964_state_final.csv,112,3,108
run_0965_state_final.csv,136,3,133
run_0966_state_final.csv,1547,8,1511
run_0967_state_final.csv,114,1,114
run_0968_state_final.csv,271,6,265
run_0969_state_final.csv,27,2,25
run_0970_state_final.csv,2,1,2
run_0971_state_final.csv,16,2,15
run_0972_state_final.csv,147,1,147
run_0973_state_final.csv,5,1,5
run_0974_state_final.csv,2199,7,2190
run_0975_state_final.csv,238,7,232
run_0976_state_final.csv,1223,2,1222
run_0977_state_final.csv,29,2,28
run_0978_state_final.csv,9,2,5
run_0979_state_final.csv,4,2,2
run_0980_state_final.csv,2,1,2
run_0981_state_final.csv,9,2,5
run_0982_state_final.csv,751,10,717
run_0983_state_final.csv,2596,1,2596
run_0984_state_final.csv,10,3,5
run_0985_state_final.csv,30,2,23
run_0986_state_final.csv,1051,2,1048
run_0987_state_final.csv,2243,4,2239
run_0988_state_final.csv,791,6,777
run_0989_state_final.csv,82,2,77
run_0990_state_final.csv,4,1,4
run_0991_state_final.csv,48,7,40
run_0992_state_final.csv,330,2,329
run_0993_state_final.csv,53,3,51
run_0994_state_final.csv,30,1,30
run_0995_state_final.csv,325,2,324
run_0996_state_final.csv,54,1,54
run_0997_state_final.csv,618,4,614
run_0998_state_final.csv,90,1,90
run_0999_state_final.csv,5,3,3
