run,energy,px,py,angle,n_moved,n_clusters,max_cluster
0,1300.0,0.4919,0.4367,342.92,460,3,458
1,1300.0,0.4884,0.5478,48.74,409,5,405
2,1300.0,0.5985,0.4352,215.11,314,1,314
3,1300.0,0.5525,0.5039,151.65,609,2,608
4,1300.0,0.5594,0.5080,230.21,472,5,467
5,1300.0,0.5296,0.5869,250.80,386,1,386
6,1300.0,0.5310,0.5863,297.40,595,1,595
7,1300.0,0.4819,0.4230,16.45,667,1,667
8,1300.0,0.5416,0.4458,163.64,651,3,649
9,1300.0,0.4884,0.4256,135.10,475,5,470
10,1300.0,0.4054,0.5254,98.21,536,2,535
11,1300.0,0.5275,0.4501,122.71,542,5,535
12,1300.0,0.5041,0.4220,113.19,451,7,423
13,1300.0,0.4924,0.4096,321.04,634,3,632
14,1300.0,0.5209,0.5994,55.86,384,3,381
15,1300.0,0.4301,0.5701,144.70,347,5,339
16,1300.0,0.4188,0.4480,349.42,545,3,543
17,1300.0,0.5967,0.4590,221.59,433,6,425
18,1300.0,0.5661,0.5773,150.93,440,3,438
19,1300.0,0.4094,0.5914,251.88,498,7,474
20,1300.0,0.5696,0.4077,168.42,554,3,508
21,1300.0,0.4817,0.4620,110.74,549,3,539
22,1300.0,0.5990,0.4755,186.81,451,7,423
23,1300.0,0.4806,0.5557,103.08,623,4,620
24,1300.0,0.5656,0.5915,92.85,363,7,350
25,1300.0,0.5547,0.5847,266.64,538,3,535
26,1300.0,0.4537,0.4803,150.08,465,8,446
27,1300.0,0.5588,0.5800,234.92,566,2,564
28,1300.0,0.5754,0.5558,127.98,441,5,353
29,1300.0,0.5183,0.5435,317.06,463,7,457
30,1300.0,0.4292,0.5187,189.48,588,3,586
31,1300.0,0.4568,0.4245,276.52,387,7,377
32,1300.0,0.4724,0.4963,48.61,475,3,450
33,1300.0,0.4880,0.5690,180.59,336,7,330
34,1300.0,0.5531,0.5974,34.68,449,2,448
35,1300.0,0.5007,0.5057,86.34,623,1,623
36,1300.0,0.5934,0.5446,339.61,501,6,494
37,1300.0,0.5632,0.5006,67.38,359,5,347
38,1300.0,0.4111,0.5096,165.79,447,10,366
39,1300.0,0.4496,0.5583,168.27,542,4,518
40,1300.0,0.4109,0.4286,144.55,335,7,325
41,1300.0,0.5296,0.4416,327.37,374,3,372
42,1300.0,0.5479,0.5298,136.82,435,2,428
43,1300.0,0.5737,0.5492,202.71,660,1,660
44,1300.0,0.5065,0.4296,336.79,547,2,546
45,1300.0,0.4509,0.4129,46.12,348,1,348
46,1300.0,0.4786,0.5447,185.06,568,4,564
47,1300.0,0.4069,0.5883,293.78,209,1,209
48,1300.0,0.4591,0.5782,186.95,406,6,394
49,1300.0,0.4349,0.5136,311.39,475,3,450
50,1300.0,0.5426,0.4423,247.08,412,4,409
51,1300.0,0.5232,0.5737,169.54,596,2,595
52,1300.0,0.4854,0.4859,297.40,595,1,595
53,1300.0,0.5039,0.4699,75.27,516,2,515
54,1300.0,0.4811,0.4954,337.35,634,5,623
55,1300.0,0.4197,0.5954,330.28,629,5,622
56,1300.0,0.5960,0.4468,261.20,522,3,515
57,1300.0,0.4035,0.4895,321.61,596,4,584
58,1300.0,0.4947,0.4410,121.74,599,3,593
59,1300.0,0.5931,0.5559,244.16,336,6,326
60,1300.0,0.5194,0.5755,133.42,389,8,375
61,1300.0,0.4603,0.4590,71.66,660,6,654
62,1300.0,0.4103,0.5611,77.88,527,2,526
63,1300.0,0.5435,0.4947,296.87,595,1,595
64,1300.0,0.5535,0.5673,187.32,424,3,422
65,1300.0,0.4558,0.4910,120.21,389,9,363
66,1300.0,0.5272,0.5407,125.91,370,4,345
67,1300.0,0.4933,0.5554,44.63,509,5,504
68,1300.0,0.5258,0.4832,308.16,441,1,441
69,1300.0,0.5357,0.4847,353.17,462,5,454
70,1300.0,0.5900,0.5413,5.49,396,1,396
71,1300.0,0.5346,0.5835,190.53,445,3,440
72,1300.0,0.5728,0.5761,204.46,229,5,198
73,1300.0,0.5779,0.4474,286.64,464,5,458
74,1300.0,0.5039,0.5793,308.32,421,7,412
75,1300.0,0.5979,0.5946,251.63,536,9,523
76,1300.0,0.4638,0.4153,250.08,545,2,543
77,1300.0,0.5604,0.5871,49.97,404,2,403
78,1300.0,0.4777,0.5857,79.19,429,2,428
79,1300.0,0.5582,0.4298,212.55,459,2,458
80,1300.0,0.5648,0.4153,125.24,480,5,472
81,1300.0,0.4753,0.5958,126.58,590,2,589
82,1300.0,0.4667,0.5701,233.08,447,3,444
83,1300.0,0.5915,0.5055,102.65,461,3,459
84,1300.0,0.4467,0.5553,346.52,503,1,503
85,1300.0,0.4246,0.5359,73.88,348,1,348
86,1300.0,0.4989,0.5593,120.37,412,4,409
87,1300.0,0.5908,0.5970,105.73,421,1,421
88,1300.0,0.4856,0.5523,11.26,409,5,405
89,1300.0,0.5579,0.5568,176.14,365,2,355
90,1300.0,0.4607,0.5921,302.96,621,3,617
91,1300.0,0.5244,0.5876,199.06,402,6,393
92,1300.0,0.5395,0.4223,266.74,452,4,449
93,1300.0,0.4438,0.4975,114.49,294,6,284
94,1300.0,0.5899,0.4554,250.82,427,1,427
95,1300.0,0.5860,0.4300,76.48,576,2,574
96,1300.0,0.4728,0.5595,243.22,328,5,322
97,1300.0,0.5532,0.5625,169.69,502,3,493
98,1300.0,0.4161,0.4392,132.73,427,2,424
99,1300.0,0.5184,0.4271,112.05,469,1,469
100,1300.0,0.5361,0.5754,26.34,623,1,623
101,1300.0,0.4291,0.5910,148.71,499,4,495
102,1300.0,0.4921,0.5744,205.42,256,2,254
103,1300.0,0.4471,0.5780,11.31,481,5,476
104,1300.0,0.5205,0.4498,111.32,443,3,436
105,1300.0,0.4820,0.4889,137.55,432,4,423
106,1300.0,0.5626,0.4250,59.21,486,1,486
107,1300.0,0.5303,0.5341,356.29,362,4,355
108,1300.0,0.5263,0.4239,256.65,608,2,607
109,1300.0,0.4558,0.4320,32.51,406,3,395
110,1300.0,0.4578,0.4186,17.68,706,6,699
111,1300.0,0.4068,0.5997,117.73,223,2,222
112,1300.0,0.4787,0.4468,248.07,391,6,377
113,1300.0,0.5634,0.4825,156.73,520,5,489
114,1300.0,0.5976,0.5273,326.13,523,3,520
115,1300.0,0.5154,0.4592,69.12,619,3,617
116,1300.0,0.4454,0.4184,324.07,454,3,451
117,1300.0,0.4216,0.4185,161.76,358,6,334
118,1300.0,0.5060,0.4131,58.61,400,1,400
119,1300.0,0.4592,0.5819,332.72,486,4,479
120,1300.0,0.4203,0.4590,13.22,269,6,264
121,1300.0,0.5019,0.4247,39.75,428,4,424
122,1300.0,0.5679,0.5983,337.62,591,2,589
123,1300.0,0.4698,0.5357,140.01,322,3,295
124,1300.0,0.5260,0.5915,178.42,526,2,524
125,1300.0,0.5909,0.4833,58.78,507,4,503
126,1300.0,0.4312,0.5243,205.11,385,3,383
127,1300.0,0.5494,0.4355,260.78,340,2,339
128,1300.0,0.5777,0.5330,228.15,697,7,684
129,1300.0,0.5157,0.5362,45.05,609,2,607
130,1300.0,0.5457,0.4317,113.13,391,3,378
131,1300.0,0.4259,0.5104,108.43,499,5,495
132,1300.0,0.5575,0.4412,319.19,429,2,428
133,1300.0,0.4670,0.4955,172.84,309,2,308
134,1300.0,0.4496,0.4154,84.62,439,4,427
135,1300.0,0.4168,0.5033,234.53,460,5,452
136,1300.0,0.5269,0.5519,302.03,281,3,279
137,1300.0,0.4289,0.4284,221.96,491,13,471
138,1300.0,0.5631,0.5930,253.02,352,11,336
139,1300.0,0.4186,0.5564,265.59,459,2,458
140,1300.0,0.4759,0.4555,188.63,394,3,386
141,1300.0,0.5819,0.4752,79.40,502,6,494
142,1300.0,0.5645,0.4765,321.36,583,2,581
143,1300.0,0.5374,0.5644,129.06,562,2,560
144,1300.0,0.5034,0.5636,104.75,554,2,552
145,1300.0,0.4909,0.4548,209.95,720,4,711
146,1300.0,0.5469,0.4983,220.30,384,2,383
147,1300.0,0.5253,0.4043,52.23,241,1,241
148,1300.0,0.5896,0.5019,37.46,724,4,717
149,1300.0,0.4078,0.4579,57.40,595,1,595
150,1300.0,0.4033,0.5204,274.23,372,3,365
151,1300.0,0.4451,0.5169,327.68,350,4,347
152,1300.0,0.4228,0.4854,72.00,614,12,591
153,1300.0,0.5321,0.4216,182.11,460,10,439
154,1300.0,0.5731,0.4907,276.32,566,1,566
155,1300.0,0.5516,0.4091,27.53,277,2,276
156,1300.0,0.5409,0.4108,35.01,452,1,452
157,1300.0,0.4520,0.5018,101.95,492,3,490
158,1300.0,0.5551,0.5322,187.66,376,4,373
159,1300.0,0.5266,0.4787,46.56,386,7,379
160,1300.0,0.4352,0.5327,64.75,518,5,512
161,1300.0,0.5171,0.4033,274.62,454,3,450
162,1300.0,0.5377,0.5600,236.42,294,7,278
163,1300.0,0.4440,0.4941,258.08,434,3,432
164,1300.0,0.5925,0.4607,76.45,667,1,667
165,1300.0,0.4096,0.5465,104.23,630,3,628
166,1300.0,0.5479,0.5844,158.68,541,3,538
167,1300.0,0.5766,0.4235,134.27,421,1,421
168,1300.0,0.4250,0.4617,150.29,529,3,527
169,1300.0,0.4376,0.5937,138.85,352,3,348
170,1300.0,0.4927,0.5606,197.47,497,3,493
171,1300.0,0.4528,0.5685,304.72,610,3,586
172,1300.0,0.5887,0.4514,166.84,306,2,305
173,1300.0,0.4735,0.5494,234.53,460,5,452
174,1300.0,0.5620,0.4221,96.63,433,1,433
175,1300.0,0.4907,0.5079,322.19,669,3,667
176,1300.0,0.5147,0.5779,248.99,561,4,557
177,1300.0,0.5913,0.4764,196.69,423,4,418
178,1300.0,0.4084,0.4593,142.56,621,2,620
179,1300.0,0.5868,0.4172,219.78,328,2,327
180,1300.0,0.5951,0.5859,144.50,215,3,212
181,1300.0,0.5158,0.5774,107.87,666,6,660
182,1300.0,0.5118,0.5971,3.06,520,6,515
183,1300.0,0.4604,0.4912,356.11,476,7,467
184,1300.0,0.4730,0.5400,20.44,368,4,365
185,1300.0,0.5328,0.5496,80.40,398,3,378
186,1300.0,0.5395,0.5034,268.18,476,1,476
187,1300.0,0.4258,0.5431,228.24,545,5,541
188,1300.0,0.4801,0.5335,14.54,476,7,452
189,1300.0,0.4014,0.5449,20.51,547,4,544
190,1300.0,0.5267,0.5894,347.11,520,2,519
191,1300.0,0.5838,0.4853,327.51,417,3,415
192,1300.0,0.4086,0.5947,178.51,524,2,513
193,1300.0,0.5261,0.5146,111.56,516,1,516
194,1300.0,0.5462,0.5541,190.71,320,10,292
195,1300.0,0.4309,0.5703,273.11,462,9,452
196,1300.0,0.4479,0.5993,284.84,615,2,614
197,1300.0,0.4588,0.5626,354.89,612,5,604
198,1300.0,0.4162,0.4635,320.38,522,4,513
199,1300.0,0.5102,0.4145,169.41,411,4,400
200,1300.0,0.4310,0.5554,80.88,438,5,432
201,1300.0,0.4609,0.4463,250.73,368,4,365
202,1300.0,0.5506,0.4058,100.12,354,1,354
203,1300.0,0.5670,0.5418,63.87,418,5,413
204,1300.0,0.4193,0.5904,248.57,538,2,535
205,1300.0,0.4648,0.4896,308.82,518,1,518
206,1300.0,0.4874,0.5506,143.03,698,5,678
207,1300.0,0.5273,0.4338,54.98,545,5,531
208,1300.0,0.5591,0.4670,248.88,605,5,601
209,1300.0,0.4580,0.5295,187.02,268,2,267
210,1300.0,0.5192,0.4019,1.60,400,9,385
211,1300.0,0.5385,0.5707,318.67,471,3,465
212,1300.0,0.4734,0.5343,295.00,389,2,388
213,1300.0,0.5785,0.5870,31.37,556,4,551
214,1300.0,0.4811,0.4224,277.05,618,3,611
215,1300.0,0.5346,0.5717,114.43,505,5,501
216,1300.0,0.4649,0.5921,25.68,505,3,502
217,1300.0,0.4552,0.4841,310.11,431,4,421
218,1300.0,0.4032,0.5643,132.33,548,11,514
219,1300.0,0.4223,0.5105,123.82,370,10,312
220,1300.0,0.4693,0.4109,87.76,319,4,312
221,1300.0,0.4740,0.5355,191.10,437,4,416
222,1300.0,0.4847,0.5377,87.24,424,5,420
223,1300.0,0.5064,0.5767,138.75,482,2,481
224,1300.0,0.4933,0.6000,92.93,510,3,508
225,1300.0,0.5630,0.5445,197.68,706,6,699
226,1300.0,0.5721,0.4006,292.94,280,8,263
227,1300.0,0.4648,0.5355,116.14,365,2,355
228,1300.0,0.5745,0.4980,47.89,552,5,541
229,1300.0,0.5820,0.4319,205.80,460,2,458
230,1300.0,0.5167,0.4198,134.41,410,5,404
231,1300.0,0.4380,0.4783,211.25,378,7,365
232,1300.0,0.5676,0.5202,274.02,473,3,466
233,1300.0,0.4993,0.4517,299.47,505,6,494
234,1300.0,0.4364,0.5207,356.54,358,1,358
235,1300.0,0.4860,0.4033,339.24,402,4,389
236,1300.0,0.5897,0.4440,300.52,603,4,600
237,1300.0,0.5113,0.4478,128.41,431,1,431
238,1300.0,0.4843,0.4803,105.21,461,3,458
239,1300.0,0.4735,0.4045,284.64,431,8,420
240,1300.0,0.4567,0.5870,108.10,566,6,556
241,1300.0,0.5612,0.4777,341.79,421,3,402
242,1300.0,0.4172,0.5635,293.42,590,2,589
243,1300.0,0.5985,0.4791,337.66,692,2,691
244,1300.0,0.4564,0.5046,66.51,333,5,323
245,1300.0,0.5801,0.5276,177.64,333,6,325
246,1300.0,0.5795,0.4657,100.03,314,3,312
247,1300.0,0.5764,0.5060,79.12,397,6,381
248,1300.0,0.4939,0.4521,300.68,375,7,359
249,1300.0,0.5238,0.5197,289.69,502,3,493
250,1300.0,0.4935,0.5257,352.90,401,2,399
251,1300.0,0.4715,0.4656,338.90,560,4,553
252,1300.0,0.4972,0.4996,89.68,689,3,687
253,1300.0,0.5781,0.5171,350.92,682,3,678
254,1300.0,0.5938,0.5438,262.02,522,1,522
255,1300.0,0.4727,0.5026,141.09,665,1,665
256,1300.0,0.4908,0.4794,61.35,391,1,391
257,1300.0,0.4454,0.5325,339.13,378,6,367
258,1300.0,0.4550,0.4402,176.60,429,7,417
259,1300.0,0.5208,0.4591,187.85,470,3,466
260,1300.0,0.5460,0.5680,54.10,477,2,476
261,1300.0,0.4107,0.4308,208.61,490,2,489
262,1300.0,0.5710,0.5903,31.54,429,4,424
263,1300.0,0.4076,0.5752,113.04,450,4,444
264,1300.0,0.5386,0.4156,217.56,642,4,639
265,1300.0,0.4701,0.5887,104.94,630,4,627
266,1300.0,0.4076,0.4057,336.15,445,5,437
267,1300.0,0.4414,0.4886,328.48,483,1,483
268,1300.0,0.4209,0.5188,316.49,581,4,574
269,1300.0,0.5065,0.5743,221.24,415,6,402
270,1300.0,0.4587,0.5442,297.62,402,2,400
271,1300.0,0.4294,0.5834,179.94,756,5,751
272,1300.0,0.5931,0.5263,356.16,381,4,362
273,1300.0,0.4660,0.4017,147.06,402,5,396
274,1300.0,0.4658,0.4041,159.38,331,5,319
275,1300.0,0.5365,0.5937,241.23,401,6,391
276,1300.0,0.5405,0.4787,154.46,484,2,482
277,1300.0,0.4794,0.5423,103.86,600,2,599
278,1300.0,0.4258,0.4490,57.56,408,2,407
279,1300.0,0.5337,0.4273,134.41,410,5,404
280,1300.0,0.4457,0.5922,28.27,518,3,501
281,1300.0,0.5536,0.5196,282.44,476,5,472
282,1300.0,0.4092,0.5290,83.82,421,1,421
283,1300.0,0.4084,0.4808,132.89,520,2,519
284,1300.0,0.4502,0.4788,19.04,445,2,438
285,1300.0,0.5686,0.4714,55.52,447,3,425
286,1300.0,0.4052,0.4161,167.65,495,5,487
287,1300.0,0.5475,0.5428,325.73,461,1,461
288,1300.0,0.4123,0.5723,116.87,595,1,595
289,1300.0,0.5631,0.4045,110.57,576,3,571
290,1300.0,0.4934,0.5234,44.84,615,2,614
291,1300.0,0.4863,0.4086,357.12,520,4,517
292,1300.0,0.5911,0.5327,30.07,569,5,561
293,1300.0,0.4164,0.5521,206.65,597,3,595
294,1300.0,0.5813,0.5416,314.15,411,5,405
295,1300.0,0.4147,0.5941,205.43,334,3,332
296,1300.0,0.5875,0.5410,114.21,473,1,473
297,1300.0,0.4058,0.4152,345.39,398,4,393
298,1300.0,0.4929,0.5486,216.98,627,6,614
299,1300.0,0.4831,0.4291,247.13,414,1,414
